Sun Feb 23 16:36:08 EST 2025,B6uV0,INFO,Connection established to external API.,
Sun Feb 23 16:36:08 EST 2025,M1pLq,WARN,Deprecated API call detected in module X.,
Sun Feb 23 16:36:09 EST 2025,d4F9kM,INFO,Service started on port 8080.,
Sun Feb 23 16:36:09 EST 2025,Q2w3e,ERROR,Unhandled exception in authentication module.,
Sun Feb 23 16:36:10 EST 2025,s9Z,INFO,Scheduled job executed successfully.,
Sun Feb 23 16:36:10 EST 2025,M1pLq,WARN,Deprecated API call detected in module X.,
Sun Feb 23 16:36:11 EST 2025,d4F9kM,INFO,Service started on port 8080.,
Sun Feb 23 16:36:11 EST 2025,s9Z,INFO,Scheduled job executed successfully.,
Sun Feb 23 16:36:12 EST 2025,d4F9kM,INFO,Service started on port 8080.,
Sun Feb 23 16:36:12 EST 2025,M1pLq,WARN,Deprecated API call detected in module X.,
Sun Feb 23 16:36:13 EST 2025,M1pLq,WARN,Deprecated API call detected in module X.,
Sun Feb 23 16:36:13 EST 2025,s9Z,INFO,Scheduled job executed successfully.,
Sun Feb 23 16:36:14 EST 2025,r1P,WARN,Disk space running low on server.,
Sun Feb 23 16:36:14 EST 2025,d4F9kM,INFO,Service started on port 8080.,
Sun Feb 23 16:36:15 EST 2025,B6uV0,INFO,Connection established to external API.,
Sun Feb 23 16:36:15 EST 2025,A7m3,INFO,User login successful.,
Sun Feb 23 16:36:16 EST 2025,M1pLq,WARN,Deprecated API call detected in module X.,
Sun Feb 23 16:36:16 EST 2025,d4F9kM,INFO,Service started on port 8080.,
Sun Feb 23 16:36:17 EST 2025,Q2w3e,ERROR,Unhandled exception in authentication module.,
Sun Feb 23 16:36:17 EST 2025,A7m3,INFO,User login successful.,
Sun Feb 23 16:36:18 EST 2025,M1pLq,WARN,Deprecated API call detected in module X.,
Sun Feb 23 16:36:18 EST 2025,B6uV0,INFO,Connection established to external API.,
Sun Feb 23 16:36:19 EST 2025,Q2w3e,ERROR,Unhandled exception in authentication module.,
Sun Feb 23 16:36:19 EST 2025,N8y,WARN,Configuration file missing optional parameters.,
Sun Feb 23 16:36:20 EST 2025,M1pLq,WARN,Deprecated API call detected in module X.,
Sun Feb 23 16:36:20 EST 2025,d4F9kM,INFO,Service started on port 8080.,
Sun Feb 23 16:36:21 EST 2025,N8y,WARN,Configuration file missing optional parameters.,
Sun Feb 23 16:36:21 EST 2025,d4F9kM,INFO,Service started on port 8080.,
Sun Feb 23 16:36:22 EST 2025,s9Z,INFO,Scheduled job executed successfully.,
Sun Feb 23 16:36:22 EST 2025,zX9qL,ERROR,Failed to connect to the database.,
Sun Feb 23 16:36:23 EST 2025,d4F9kM,INFO,Service started on port 8080.,